{
	"AWSTemplateFormatVersion" : "2010-09-09",

	"Description" : "This is a demo template",

	"Parameters" : {
	  "InstanceType" : {
      "Description" : "Select EC2 instance type",
      "Type" : "String",
      "Default" : "t2.micro",
      "AllowedValues" : [ "t2.micro","t2.small","t2.medium","t2.large"],
      "ConstraintDescription" : "must be a valid EC2 instance type."
	  },
	  "AMI" : {
      "Description" : "Type AMI Number",
      "Type" : "String",
      "ConstraintDescription" : "must be a valid AMI Number."
	  }
	},

	"Resources" : {
	"DevDojoInstance" : {
      "Type" : "AWS::EC2::Instance",
      "Properties" : {
        "ImageId" : { "Ref" : "AMI" },
		"KeyName" : "deploymentkey",
		"IamInstanceProfile" : "DeveloperDojoRole",
        "InstanceType" : { "Ref" : "InstanceType" },
		 "Tags" : [ {"Key" : "Name", "Value" : "DevDojoServer" } ]
		}
	   }
	},

	"Outputs" : {
	}
}
